<keymap version="1" name="GNOME copy" parent="Default for GNOME">
  <action id="$Cut">
    <keyboard-shortcut first-keystroke="ctrl x" />
  </action>
  <action id="ActivateMessagesToolWindow">
    <keyboard-shortcut first-keystroke="alt 8" />
  </action>
  <action id="ActivateServicesToolWindow" />
  <action id="Arrangement.Alias.Rule.Edit" />
  <action id="Arrangement.Rule.Edit" />
  <action id="BookmarksView.Rename" />
  <action id="BuildProfile">
    <keyboard-shortcut first-keystroke="shift ctrl alt b" />
  </action>
  <action id="CMake.ReloadCMakeProject">
    <keyboard-shortcut first-keystroke="ctrl alt r" />
  </action>
  <action id="ChangesView.Rename">
    <keyboard-shortcut first-keystroke="shift f6" />
  </action>
  <action id="Compare.SameVersion">
    <keyboard-shortcut first-keystroke="ctrl comma" />
  </action>
  <action id="Compile" />
  <action id="Console.TableResult.EditValue">
    <keyboard-shortcut first-keystroke="enter" />
    <keyboard-shortcut first-keystroke="alt enter" />
  </action>
  <action id="EditorCut">
    <keyboard-shortcut first-keystroke="ctrl x" />
  </action>
  <action id="EditorDeleteToLineEnd">
    <keyboard-shortcut first-keystroke="shift delete" />
  </action>
  <action id="EditorDuplicate" />
  <action id="EditorSelectWord" />
  <action id="FindUsages">
    <keyboard-shortcut first-keystroke="shift alt 7" />
    <keyboard-shortcut first-keystroke="alt f7" />
  </action>
  <action id="Git.Branches" />
  <action id="Git.Rename.Local.Branch">
    <keyboard-shortcut first-keystroke="shift f6" />
  </action>
  <action id="Git.ResolveConflicts">
    <keyboard-shortcut first-keystroke="shift ctrl back_quote" />
  </action>
  <action id="Git.Reword.Commit">
    <keyboard-shortcut first-keystroke="shift f6" />
  </action>
  <action id="GotoNextBookmarkInEditor">
    <keyboard-shortcut first-keystroke="f2" />
  </action>
  <action id="GotoNextError" />
  <action id="Rebuild">
    <keyboard-shortcut first-keystroke="shift ctrl f9" />
  </action>
  <action id="RebuildProfile">
    <keyboard-shortcut first-keystroke="shift ctrl alt f9" />
  </action>
  <action id="RunJsbtTask" />
  <action id="ShelvedChanges.Rename">
    <keyboard-shortcut first-keystroke="shift f6" />
  </action>
  <action id="Table-startEditing" />
  <action id="Tree-startEditing" />
  <action id="UpdateRunningApplication" />
  <action id="XDebugger.EditWatch" />
  <action id="XDebugger.SetValue" />
  <action id="editRunConfigurations">
    <keyboard-shortcut first-keystroke="shift ctrl alt r" />
  </action>
</keymap>