<application>
  <component name="CodeInsightSettings">
    <option name="SMART_BACKSPACE" value="0" />
    <option name="SMART_INDENT_ON_ENTER" value="false" />
    <option name="REFORMAT_ON_PASTE" value="1" />
    <option name="HIGHLIGHT_SCOPE" value="true" />
  </component>
  <component name="DaemonCodeAnalyzerSettings">
    <option name="AUTOREPARSE_DELAY" value="500" />
  </component>
  <component name="EditorSettings">
    <option name="USE_SOFT_WRAPS" value="MAIN_EDITOR:CONSOLE:PREVIEW" />
    <option name="SOFT_WRAP_FILE_MASKS" value="*.md; *.txt; *.rst; *.adoc" />
    <option name="IS_ENSURE_NEWLINE_AT_EOF" value="true" />
  </component>
  <component name="InlayHintsSettings">
    <option name="disabledLanguages">
      <set>
        <option value="ObjectiveC" />
      </set>
    </option>
    <option name="lastViewedProviderKeyId" value="Dockerfile.docker.inlay.hints" />
  </component>
  <component name="TodoConfiguration">
    <pattern pattern="\btodo\b.*" />
    <pattern pattern="\bfixme\b.*" />
  </component>
</application>