<application>
  <component name="FileTypeManager" version="18">
    <extensionMap>
      <mapping pattern="vector" type="AUTO_DETECTED" />
      <mapping pattern="README" type="AUTO_DETECTED" />
      <mapping pattern="config-bak" type="AUTO_DETECTED" />
      <mapping ext="28082" type="Native" />
      <mapping pattern="dolphin_20210713_145835_34251.log" type="PLAIN_TEXT" />
      <mapping pattern=".gitignoe" type="PLAIN_TEXT" />
      <mapping ext="idx" type="PLAIN_TEXT" />
      <removed_mapping ext="pdf" approved="true" type="Native" />
    </extensionMap>
  </component>
</application>