<application>
  <component name="LineMarkerSettings">
    <option name="providers">
      <map>
        <entry key="RenderedDoc" value="true" />
        <entry key="com.intellij.execution.lineMarker.RunLineMarkerProvider" value="true" />
        <entry key="com.intellij.httpClient.http.request.codeInsight.HttpClientOverrideLineMarkerProvider" value="false" />
        <entry key="com.intellij.httpClient.http.request.codeInsight.HttpRequestDiffLineMarkerProvider" value="false" />
        <entry key="com.intellij.sql.editor.SqlRecursiveCallLineMakerProvider" value="false" />
        <entry key="com.intellij.ui.ColorLineMarkerProvider" value="true" />
        <entry key="org.intellij.plugins.markdown.editor.images.ConfigureHtmlImageLineMarkerProvider" value="false" />
        <entry key="org.intellij.plugins.markdown.editor.images.ConfigureMarkdownImageLineMarkerProvider" value="false" />
        <entry key="org.intellij.plugins.markdown.editor.images.ConfigureTextHtmlImageLineMarkerProvider" value="false" />
        <entry key="org.intellij.plugins.markdown.extensions.common.plantuml.PlantUMLCodeFenceDownloadLineMarkerProvider" value="false" />
      </map>
    </option>
  </component>
</application>