<application>
  <component name="GeneralSettings">
    <option name="showTipsOnStartup" value="true" />
    <option name="reopenLastProject" value="false" />
    <option name="confirmExit" value="false" />
    <option name="confirmOpenNewProject2" value="-1" />
  </component>
  <component name="Registry">
    <entry key="ide.experimental.ui" value="true" />
    <entry key="cidr.max.intellisense.file.length" value="2000000" />
    <entry key="ide.tooltip.initialDelay" value="1000" />
    <entry key="debugger.new.tool.window.layout" value="true" />
    <entry key="ide.experimental.ui.inter.font" value="false" />
    <entry key="idea.plugins.compatible.build" value="" />
  </component>
  <component name="StatusBar">
    <option name="widgets">
      <map>
        <entry key="CwmWireStatsWidgetFactory" value="false" />
        <entry key="FlowJSInfo" value="false" />
        <entry key="IdeaVim-Icon" value="false" />
        <entry key="Memory" value="true" />
        <entry key="TypeScriptInfo" value="false" />
        <entry key="webDeployment.default.server.widget" value="false" />
      </map>
    </option>
  </component>
</application>