<application>
  <component name="UpdatesConfigurable">
    <ignoredBuildNumbers>
      <item value="193.6911.21" />
      <item value="203.7148.70" />
      <item value="211.7442.42" />
    </ignoredBuildNumbers>
    <option name="LAST_BUILD_CHECKED" value="CL-232.9921.42" />
    <option name="LAST_TIME_CHECKED" value="1700476227115" />
    <option name="OBSOLETE_CUSTOM_REPOSITORIES_CLEAN_NEEDED" value="false" />
    <option name="THIRD_PARTY_PLUGINS_ALLOWED" value="true" />
    <option name="WHATS_NEW_SHOWN_FOR" value="232" />
  </component>
</application>